{"r_squared": 0.9960007076731706, "rmse": 0.6272113384678817}